,Al,Ti,V,Cr,Zr,Nb,Mo,Hf,Ta,PhaseType,TestTempC,Strain Rate (s-1),Arc Melting,HIP Time (h),Anneal Temp (degC),Anneal Time (h),Anneal Cooling Rate (degC/min),Initial condition,Tox
10,0.0331882308687082,0.2675023138324915,0.1401908328051661,0.1474917026225937,0.0202343901511436,0.1205017283986277,0.1412327929455071,0.1127239817243973,0.0169340266513642,BCC+M55i3,25.0,0.001,1,3,1000,192.0,4.2,Annealed,1000
11,0.1549531931706003,0.1594600531124102,0.2098314378895601,0.0822225992535214,0.0238813724523415,0.0229659673185042,0.1904164858844149,0.0430455891214885,0.1132233017971586,3 BCC,25.0,0.0005,0,3,1200,192.0,4.2,As-cast,700
66,0.1547780677391934,0.2331401773747265,0.1573991799675087,0.0413378338659202,0.0913797861244506,0.1701150888006366,0.1266294810823136,0.0232097624865234,0.0020106225587265,BCC+Laves+M5Si3,25.0,0.0005,0,4,1000,192.0,10.0,Annealed  ,700
164,0.1426845800063639,0.0086129377878185,0.0560405789955541,0.1505836096945734,0.1316613150441281,0.0810167785084306,0.1511898068760752,0.1471630233502285,0.1310473697368274,BCC+laves+M5Si3,400.0,0.0005,1,4,1400,192.0,20.0,As-cast,1300
165,0.2107064792398133,0.0406518658126619,0.039848326978547,0.0431231230164564,0.2119953732196037,0.0815656552050238,0.1403281283134612,0.1346150650388334,0.0971659831755989,BCC+M55i3,25.0,0.001,1,4,1000,192.0,10.0,MA/SPS,1300
167,0.0198295946770101,0.2594128237186767,0.0601955298174273,0.0293602165201134,0.1436850404423539,0.0446636008087298,0.3060454200064666,0.104044491133419,0.0327632828758029,2 BCC+Laves,25.0,0.001,0,4,25,192.0,10.0,Annealed  ,1100
173,0.0312728336997492,0.1470369461401046,0.0555691606835764,0.0261992903233757,0.2216054954369507,0.2471638726106682,0.0516581456156381,0.0527081092643365,0.1667861462256002,BCC+laves+M5Si3,25.0,0.001,1,3,1100,4.0,4.2,Annealed,900
226,0.1491298352974423,0.036752688765216,0.0628104985015013,0.1941372916378192,0.0974991205872328,0.122038141184807,0.1348495720347841,0.0925325015873686,0.1102503504038283,BCC+M55i3,25.0,0.001,1,4,1500,2.0,15.0,Annealed  ,700
236,0.0677385615025651,0.012942578167464,0.1924063197469136,0.1468471719814462,0.1657075053900939,0.1546020145164188,0.1074073389088619,0.0797905044271912,0.0725580053590451,BCC+laves+M5Si3,400.0,0.0003,1,2,1000,2.0,4.2,Annealed  ,700
240,0.0215571394700055,0.1418968319033277,0.0218715241265032,0.2117053507619303,0.1516440219871956,0.05487980606125,0.2315495188353076,0.0885568564825369,0.0763389503719426,BCC+B2,600.0,0.001,1,4,1800,96.0,4.2,MA/SPS,900
242,0.0695510591802423,0.1505881041831548,0.1364487295061053,0.1019189715860674,0.1703617904589757,0.0293954490939288,0.1489011210009137,0.0904214885811956,0.1024132864094161,3 BCC,25.0,0.001,1,4,1500,192.0,4.2,MA/SPS,900
302,0.0480597576993275,0.1501502088004195,0.0291401649575208,0.0084526643723898,0.1966467820142284,0.1924026155849477,0.0532149544961202,0.1826028076131485,0.1393300444618972,2 BCC+HCP,25.0,0.0003,1,4,1450,96.0,4.2,Annealed  ,900
351,0.004618120241752,0.0848933337714777,0.0067602567437482,0.2457648425376943,0.0988842817256178,0.2259117478063755,0.1488683908505241,0.0646836098860758,0.1196154164367342,BCC+B2,400.0,0.001,1,4,1450,192.0,10.0,As-cast,1000
401,0.2066051457416333,0.1210273153673552,0.1518552157338747,0.1983477791009512,0.114197286573593,0.1260034310338037,0.0139605244287879,0.0489144117288014,0.0190888902911991,BCC+laves+M5Si3,400.0,0.0003,1,3,1300,192.0,4.2,Annealed  ,900
477,0.1013382518489569,0.1166230439198052,0.1475256461901718,0.061434995063626,0.1543630007795346,0.1643593248701388,0.0932904564473052,0.0676031885428924,0.0934620923375688,B2,400.0,0.001,0,4,500,192.0,20.0,As-cast,700
502,0.1406188023704079,0.0375053732520667,0.1781812596752331,0.074646370152153,0.1996981028698319,0.0524456394607439,0.0636007176128964,0.0621979452025675,0.1911057894040994,2 BCC+HCP,25.0,0.001,0,4,1400,192.0,10.0,As-cast,1100
551,0.1897093942332777,0.0708506403428152,0.0091370046607937,0.1954250425930486,0.195840781373638,0.0101192498691899,0.1756689588737453,0.1310485536593943,0.0222003743940969,BCC+Laves+M5Si3,600.0,0.0003,1,4,25,0.0,4.2,MA/SPS,700
562,0.012084338503545,0.1718519208210984,0.1401090239607713,0.065714318234754,0.1444548683065512,0.1911357703244234,0.0486678930200714,0.1798622175910892,0.0461196492376957,BCC+laves+M5Si3,400.0,0.0005,1,4,997,6.0,4.2,MA/SPS,900
584,0.0883333864871547,0.1397311273176948,0.0776181806656967,0.0893422480711411,0.180748075677149,0.092600956997945,0.017957258888908,0.1438276867137901,0.1698410791805203,BCC+M55i3,600.0,0.001,1,3,500,1.0,20.0,Annealed,1000
624,0.1417071789646652,0.0046570131950178,0.1008717759802201,0.0940165090476453,0.0798426670521989,0.0182955708761584,0.1732281421772248,0.194903491397253,0.1924776513096161,BCC+Laves,600.0,0.001,1,0,1400,24.0,4.2,Annealed  ,700
657,0.187553865093947,0.0422219896206361,0.1254467471140387,0.0476456807564124,0.0798458209732203,0.1245544588838376,0.1422300751216121,0.1818807989985771,0.0686205634377182,B2,600.0,0.0003,0,0,1000,6.0,20.0,As-cast,700
762,0.2105590587755677,0.0142706505875636,0.0058870866615819,0.1704985065016452,0.0213522961976372,0.1683829102525396,0.1818238353815542,0.0025804056182273,0.224645250023683,BCC+laves+M5Si3,25.0,0.001,0,2,1200,3.0,4.2,As-cast,1300
829,0.0627667926230305,0.0927254049168483,0.0197078939710129,0.123463158761142,0.0972186834486228,0.0945980165028447,0.1315809201322179,0.2134699480862005,0.16446918155808,BCC+Laves+M5Si3,600.0,0.001,1,3,800,4.0,4.2,Annealed,900
861,0.1313209422655505,0.2284644993652589,0.0591686845145692,0.1828121254504529,0.0494086200880536,0.054327859983608,0.151980417638967,0.1086921431620964,0.0338247075314433,2 BCC+HCP,600.0,0.001,1,4,25,96.0,10.0,As-cast,900
942,0.1300651701048187,0.1214548919195181,0.0268361398190688,0.1380984631889539,0.0827619136555774,0.1167839934720791,0.0950925508997263,0.1312959825748981,0.1576108943653592,2 BCC+HCP,400.0,0.001,0,2,1500,192.0,10.0,Annealed  ,1100
962,0.0252764265223082,0.0835116705348861,0.0830818140467272,0.2141036025103747,0.1201745663239094,0.1501207290712957,0.1104925321002612,0.1030053889204421,0.1102332699697949,BCC+M55i3,600.0,0.001,1,2,1200,2.0,4.2,Annealed,900
1020,0.2027556142795938,0.0724571540314794,0.1019276584027574,0.1917757409337786,0.062218237105058,0.103451519289655,0.0856818715278667,0.0028190219590277,0.176913182470783,BCC+M55i3,25.0,0.001,1,4,1800,96.0,4.2,Annealed  ,1100
1149,0.0483321334603664,0.1778002171554258,0.1233901935105576,0.2453453715726131,0.0826981587511849,0.0456332907169036,0.1751467515961701,0.0522751955363859,0.0493786877003922,BCC+Laves,600.0,0.001,1,4,1400,192.0,15.0,Annealed  ,1000
1195,0.0336273278243876,0.2059520038858217,0.0274883752037812,0.120965827484709,0.0761617385113803,0.1702350267851768,0.1124004796463628,0.1021767965386904,0.15099242411969,BCC+laves+M5Si3,25.0,0.001,1,0,25,24.0,4.2,As-cast,700
1203,0.1684670950993006,0.0414819790791436,0.0211675070560675,0.1802273608842703,0.1260095291391991,0.0992595358791501,0.1677460701543958,0.1369708155241109,0.0586701071843618,BCC+B2,400.0,0.001,1,3,1500,192.0,15.0,Annealed,1000
1394,0.0244455888467388,0.1409260564962283,0.1823385502693437,0.0776663110226428,0.0584892075273971,0.2006442580207229,0.0573035929439353,0.084532247858046,0.1736541870149446,BCC+M5Si3,400.0,0.001,1,2,997,4.0,4.2,Annealed,1100
1449,0.0192168781326323,0.1009129023199542,0.0002447411265183,0.0351594527121221,0.0302280973833559,0.1368246385312742,0.2156224111438846,0.2288853580159565,0.2329055206343016,2 BCC+HCP,400.0,0.001,1,4,1500,96.0,4.2,Annealed,1000
1565,0.0532790652036244,0.1184324630999894,0.1760045901864982,0.0138344604247744,0.1232544801999311,0.185949843327486,0.1860277606855151,0.1326011286478703,0.0106162082243109,BCC+M5Si3,600.0,0.001,1,4,1200,19.0,4.2,Annealed,700
1587,0.0293093238642394,0.2164806233299188,0.0157444019480195,0.1105842201126667,0.0532126637607329,0.1928919155527677,0.165917536486619,0.0109616140516584,0.2048977008933772,BCC+Laves,400.0,0.0005,1,4,1200,192.0,4.2,As-cast,900
1615,0.0256453152918355,0.0022304794264474,0.0369018285342678,0.0315046715836424,0.2255173456282162,0.192884948491298,0.215067371583063,0.1312726297725421,0.1389754096886872,BCC+laves+M5Si3,600.0,0.001,1,3,1300,1.0,4.2,Annealed,1300
1637,0.0539417203294277,0.1162703254628704,0.004236709191211,0.1930372560559839,0.1573787533044552,0.0659343535801428,0.1941261740234599,0.1915926760572956,0.0234820319951531,BCC+B2,25.0,0.001,0,4,1450,192.0,20.0,Annealed,1000
1661,0.1014221067389802,0.1383828673207412,0.1516514623144428,0.0502026515475482,0.051815943557944,0.1633665156050183,0.1920971668980075,0.099082065844505,0.0519792201728124,BCC+M5Si3,600.0,0.001,1,3,25,5.0,4.2,Annealed  ,700
1663,0.0670152377336649,0.2855197119923736,0.0701682125496482,0.0158416822291951,0.068876387673343,0.0220029950437748,0.0367473056664472,0.2133128814340497,0.2205155856775031,B2,25.0,0.001,0,2,1500,192.0,10.0,Annealed  ,700
1676,0.1258837347741723,0.0554862049013751,0.1343499122892528,0.1233378510342162,0.1271844094586338,0.1287153520497575,0.0342341869403595,0.1325581605885267,0.1382501879637057,B2,400.0,0.001,1,2,1800,192.0,10.0,As-cast,1100
1756,0.1621670555359807,0.1764154936550355,0.0409946313570767,0.2136398280459567,0.1658122451352769,0.002954922830192,0.0477934439703191,0.1889935883815227,0.0012287910886392,BCC+B2,600.0,0.0003,0,3,1100,4.0,15.0,As-cast,900
1786,0.0171017598420504,0.1723306734011202,0.087723435656541,0.1446764225292571,0.1578839142284735,0.1447273740776933,0.1305322691212477,0.049587247123956,0.0954369040196606,BCC+B2,600.0,0.001,1,4,500,0.0,15.0,Annealed  ,900
1842,0.1684218775957038,0.1820380046588767,0.1119590981759747,0.0326819157114035,0.0342999475491438,0.0057390945240965,0.1867615988514492,0.0936386216867058,0.1844598412466455,BCC+Laves+M5Si3,600.0,0.001,1,4,25,5.0,15.0,Annealed  ,1100
1935,0.1505721044259462,0.143837246270385,0.1562407647900468,0.1647020529695793,0.0763002350057836,0.0730633062348463,0.0601169446619159,0.0098448578101549,0.1653224878313417,BCC,25.0,0.0003,0,4,1000,192.0,20.0,Annealed,900
1981,0.1040286280150017,0.1404188846048723,0.1179835329086041,0.0075664050432222,0.0979129738965292,0.1277798037766612,0.2145342372044258,0.0534114152651686,0.1363641192855146,BCC+M5Si3,600.0,0.0003,1,3,1100,3.0,4.2,Annealed  ,900
2039,0.0519125802510399,0.1553834549737305,0.1573099516913045,0.142925626316049,0.068436492399218,0.1444427740058102,0.0324484731952471,0.1608439636186612,0.0862966835489393,BCC+laves+M5Si3,400.0,0.001,1,3,1100,20.0,4.2,MA/SPS,1300
2220,0.1153517114969485,0.03541118895702,0.0323274310060948,0.1068693915481486,0.1036847195789131,0.0660311406533112,0.1812685940863647,0.1614480089289019,0.1976078137442969,BCC+HCP,400.0,0.001,1,0,997,2.0,4.2,Annealed,900
2265,0.1182993878520368,0.0101053464493261,0.1582306357469426,0.1398337355154032,0.1797575051097679,0.0436239892553397,0.1371392765667803,0.0349591149535632,0.17805100855084,BCC+M5Si3,600.0,0.001,1,4,1800,192.0,15.0,MA/SPS,700
2313,0.0445571556048894,0.1655507298015244,0.1077637906303951,0.0791571579071285,0.0438240445597542,0.1891301392208628,0.1843214549119312,0.0501102134065174,0.1355853139569965,BCC+Laves,25.0,0.001,1,4,1450,0.0,4.2,Annealed  ,900
2407,0.1823248193773543,0.1726777366870407,0.1740066001648712,0.0133615873174663,0.1301377677300711,0.080896117795282,0.1774538312432169,0.0532314123359419,0.0159101273487553,BCC+laves+M5Si3,400.0,0.001,1,2,800,24.0,4.2,Annealed,1300
2427,0.0551037640049869,0.1113729030350559,0.1990838684341477,0.1374226869123926,0.1859609682071819,0.1600053459229188,0.1145895045183301,0.0221332497963822,0.0143277091686038,BCC+Laves+M5Si3,25.0,0.001,1,4,1000,192.0,4.2,MA/SPS,1000
2434,0.1045321705083044,0.2624907411012824,0.0060428940213427,0.1381658907859331,0.0866722231293188,0.1815167444707011,0.1765251643938626,0.0108283688728808,0.0332258027163739,B2,400.0,0.0003,1,4,1000,96.0,4.2,As-cast,1100
2448,0.2615469968491652,0.0633696218540477,0.0458974580668583,0.2601820968619003,0.1096058176972527,0.0081923136919125,0.1809575303246539,0.0133292904514103,0.0569188742027988,BCC+M5Si3,600.0,0.0005,1,4,800,1.0,4.2,Annealed  ,700
2453,0.0641234792245814,0.1096568496369706,0.1446814901793517,0.1424925675420466,0.0830265737089087,0.1242676688655805,0.0711339017203291,0.1020803588673506,0.1585371102548805,BCC+laves+M5Si3,400.0,0.0003,1,4,1300,1.0,4.2,Annealed,1000
2485,0.0043613555191032,0.178829314542003,0.1688940408478529,0.0278197065944773,0.1764965294237579,0.2667297043510884,0.0153531070389683,0.0007105791086713,0.1608056625740775,2 BCC,25.0,0.001,0,3,1450,192.0,4.2,Annealed,700
2552,0.06625418781175,0.1253066247066357,0.0704233815235177,0.088298599463496,0.1670055424855341,0.1400189853889421,0.0480643898870122,0.1197903653219044,0.1748379234112073,BCC+M55i3,600.0,0.0005,1,3,1200,5.0,4.2,Annealed,1000
2579,0.091920287765618,0.0173300100731123,0.038206272682391,0.2063585585745606,0.0122406852556547,0.2554295301622981,0.1436691453153137,0.1136357895738171,0.1212097205972341,BCC+laves+M5Si3,600.0,0.0005,1,0,1500,5.0,4.2,MA/SPS,900
2698,0.0071332941939405,0.2575842697724459,0.2222592021181821,0.1213177225452211,0.0206967780715296,0.0294247362399808,0.0119312779632737,0.2471999560058611,0.0824527630895647,B2,400.0,0.0005,1,4,1450,192.0,4.2,Annealed,900
2704,0.1569470348410439,0.0109180331612058,0.2270069761953288,0.1564728885952378,0.214550393255225,0.0030721632071293,0.08456714710226,0.1142957367673186,0.0321696268752506,BCC+Laves,400.0,0.001,1,2,1400,192.0,4.2,As-cast,900
2738,0.1460521053972186,0.21291454319321,0.0253849480909578,0.0053692610067188,0.1563826647403129,0.1211093241351432,0.1229997343718109,0.0657371907028049,0.1440502283618224,BCC+M5Si3,25.0,0.001,0,4,1450,192.0,15.0,Annealed,1000
2757,0.1808446048050268,0.0987093902891154,0.1458457714735795,0.1233680275804935,0.0078771963772132,0.0248268871755925,0.2388655209143514,0.1159002528449305,0.0637623485396969,BCC+M55i3,600.0,0.001,1,4,25,24.0,15.0,Annealed  ,700
2758,0.0799729606175862,0.290058864762689,0.1196111944403129,0.1748159797429151,0.0245238574278396,0.0242797341445468,0.2211508633397283,0.0098154819297867,0.055771063594595,B2,400.0,0.0003,0,4,1800,192.0,4.2,Annealed  ,1100
2762,0.1155642431908304,0.1454609436558401,0.1188947947712504,0.0686820288455771,0.2075684914540065,0.0054376571337246,0.1821249026120201,0.0755280419632354,0.0807388963735151,BCC+M5Si3,600.0,0.0005,1,4,500,2.0,4.2,MA/SPS,1300
2772,0.0390319025594321,0.1711543991675355,0.2957320491790796,0.0488908663849486,0.2012225975937167,0.1669537721593614,0.0590887155671289,0.0001950552573737,0.017730642131423,2 BCC+Laves,400.0,0.0005,1,4,1800,192.0,4.2,MA/SPS,900
2835,0.0078147329895105,0.0723911526933741,0.1005701972067795,0.1298646401827637,0.1304189910556857,0.1894688019951394,0.2003081828993523,0.1636753830430498,0.0054879179343449,BCC+M5Si3,25.0,0.001,1,2,1800,192.0,10.0,Annealed  ,1000
2875,0.0250513739519658,0.1478446325576897,0.0701068472724202,0.1936178114641893,0.1811015717252925,0.0988656920007852,0.17665439918515,0.0656521370933192,0.0411055347491877,BCC+M5Si3,400.0,0.001,1,0,1400,4.0,4.2,Annealed,1100
2905,0.0643429658050374,0.2062826625679037,0.0325364070435979,0.2520689654543194,0.0146874969567687,0.0459270793832346,0.0618767475462379,0.2472554816276276,0.0750221936152724,BCC+M5Si3,25.0,0.001,1,2,1450,192.0,4.2,Annealed  ,700
2923,0.0893041962723712,0.1506550041154779,0.2348122441299601,0.0233370523961493,0.1358270859796745,0.1788670376371936,0.0222707225585279,0.0952976395469428,0.0696290173637022,BCC+laves+M5Si3,600.0,0.0003,1,3,997,5.0,4.2,As-cast,1000
3042,0.0050762294762148,0.1922984759400114,0.0065647290476543,0.1719416308521267,0.0370216552378771,0.2184016910626278,0.1798697115930783,0.0088249378507442,0.180000938939665,BCC+M55i3,600.0,0.0005,1,4,997,3.0,4.2,Annealed,1000
3068,0.0907769376572295,0.0739154562579231,0.1322092755301234,0.1230516320318837,0.0321843437554654,0.190511021861523,0.1487222653986529,0.1591465652778191,0.0494825022293794,BCC+laves+M5Si3,25.0,0.0003,1,2,1800,192.0,10.0,Annealed  ,1100
3100,0.1044892106255564,0.1376423212773502,0.1242891810024956,0.0847262037241246,0.2009865254338514,0.029929335354912,0.0749139462638688,0.0964154855422147,0.146607790775626,2 BCC+Laves,600.0,0.0003,1,4,1200,192.0,10.0,Annealed  ,1000
3117,0.1915847579464581,0.12482208032601,0.0123535533869219,0.0467541703419636,0.196812221550642,0.0457970708126997,0.1780427737361018,0.1164825305920907,0.0873508413071117,BCC+Laves+M5Si3,25.0,0.0005,0,4,1100,192.0,4.2,As-cast,900
3149,0.042083661263143,0.1689206164441959,0.1256366138056405,0.1649173951209482,0.1103943897846819,0.1646661429275668,0.0341822294877337,0.1561747203034001,0.0330242308626895,BCC+Laves+M5Si3,400.0,0.0005,1,3,1500,192.0,4.2,Annealed  ,1100
3249,0.0892232083767924,0.2703805591758616,0.1463580846618899,0.0369579210289523,0.1731251483726223,0.0213874680557896,0.1577255299350001,0.051008160417835,0.0538339199752563,BCC+laves+M5Si3,600.0,0.001,1,4,1500,5.0,4.2,Annealed  ,1100
3290,0.0696491956790797,0.0545873440958533,0.0791639691942203,0.1438443416712,0.1753596052203422,0.1456597589841182,0.137127142075609,0.0212048979162024,0.1734037451633746,BCC+B2,25.0,0.001,1,4,1300,192.0,4.2,Annealed  ,700
3295,0.0821778106974016,0.1213210712596146,0.0503941240136636,0.2735020641341849,0.026586978436697,0.0065174238915211,0.2616013386585944,0.0598415467727206,0.118057642135602,BCC+Laves,600.0,0.001,0,4,1500,192.0,15.0,Annealed  ,700
3307,0.1937891218035863,0.1503938551254603,0.0470564424090574,0.0307487798514205,0.0594827173322253,0.0984978607218466,0.2504956540547383,0.0421862208017743,0.1273493478998906,BCC+laves+M5Si3,600.0,0.001,1,0,500,3.0,4.2,As-cast,900
3316,0.1859230472399382,0.1149474912031834,0.1800609283304196,0.0899081067956711,0.1260266055489596,0.1063865875078736,0.0873292792297044,0.0424155359136892,0.0670024182305605,BCC+M5Si3,600.0,0.001,1,4,1000,4.0,4.2,MA/SPS,900
3352,0.0835570916040705,0.1958623440803034,0.0723048074243402,0.0100243557710284,0.1611041337206602,0.0737467391822001,0.1489606338273302,0.1498879648779879,0.1045519295120785,BCC+M55i3,25.0,0.001,1,4,1000,96.0,10.0,Annealed,1100
3367,0.1381995486311196,0.2110304914152169,0.0703014089165884,0.0156715047698223,0.0603495123369509,0.2135155829510807,0.1900221885182207,0.0303810815233691,0.070528680937631,BCC+Laves+M5Si3,25.0,0.001,1,4,1800,1.0,10.0,Annealed,1100
3374,0.0588118195043999,0.1470196079256934,0.0703944619200839,0.1269864305653603,0.1619403259435375,0.1871449696862067,0.1314999895348292,0.0798024782293143,0.0363999166905742,BCC+Laves,25.0,0.001,1,3,1100,1.0,4.2,Annealed  ,900
3482,0.0408676447638082,0.1700095182894284,0.1866668509868965,0.1367270753800925,0.139420629763117,0.046864324088724,0.0183199484655414,0.0957710910865856,0.165352917175806,BCC+laves+M5Si3,600.0,0.0005,1,4,500,96.0,4.2,Annealed,1100
3636,0.1638728331062174,0.1488455341058143,0.1202796879552387,0.0901174639664969,0.1464574276497289,0.1024101408243781,0.1197795707397934,0.0302608760787132,0.0779764655736188,BCC+Laves,25.0,0.001,1,2,1800,20.0,4.2,Annealed,900
3645,0.0500748527143982,0.1770329336239874,0.0363486559845796,0.200367432840464,0.1879759411407261,0.0952549010950046,0.0801588582791587,0.0850079284559897,0.0877784958656913,BCC+M55i3,400.0,0.0005,1,4,1000,2.0,10.0,Annealed  ,700
3662,0.0595390736689685,0.2410207495606673,0.0205740871446307,0.0961520521349511,0.0881929064922903,0.0261992756698001,0.1799466756771651,0.0327128427870263,0.2556623368645003,B2,600.0,0.0003,1,4,1200,192.0,4.2,As-cast,1100
3717,0.1640685596901581,0.0342173288957559,0.1679090145832919,0.0151272617202157,0.1453438306722899,0.0994112907776675,0.1090566795967862,0.1393385191111932,0.1255275149526412,2 BCC,400.0,0.0005,0,4,1800,192.0,15.0,As-cast,1100
3727,0.1224519436985716,0.0123704069127472,0.1571975514986437,0.0547560132258523,0.114727456802302,0.1536525690487269,0.1910750380376077,0.1553465214119321,0.0384224993636161,BCC+HCP,25.0,0.001,1,3,1450,192.0,4.2,Annealed  ,1100
3789,0.1848681636120561,0.2225978083679315,0.1318294839592718,0.0851734348247393,0.133818228908205,0.1205437728023921,0.0806946761996303,0.0100545274597734,0.030419903866,BCC+laves+M5Si3,400.0,0.0003,1,3,800,20.0,10.0,Annealed,700
3792,0.0639053089478405,0.1247704899963627,0.0341498095636053,0.2226357487541799,0.1995958036109069,0.1026728736909006,0.0166632988379095,0.0536598668565203,0.1819467997417739,BCC+M5Si3,600.0,0.001,1,0,1300,0.0,10.0,Annealed  ,1000
3864,0.0826237251015629,0.1020270150477083,0.0608512320456296,0.1484560260810053,0.1305065754925167,0.1437027949935624,0.1775810064763492,0.1541257584564612,0.0001258663052041,BCC+Laves,600.0,0.0003,0,4,1800,192.0,15.0,As-cast,1000
3910,0.200240871030172,0.0812317929730476,0.0287616199796814,0.0561419170296033,0.0809179535055689,0.0328778555140781,0.2208014280633877,0.0722528477667468,0.2267737141377138,BCC+HCP,25.0,0.0005,1,3,1800,192.0,10.0,MA/SPS,900
3944,0.0636762936991814,0.1614401395821171,0.1525772212859694,0.0157209898488284,0.0137916148992637,0.1945105743020509,0.1061754761707152,0.1883756274686496,0.103732062743224,2 BCC+Laves,25.0,0.0003,0,4,1450,192.0,4.2,Annealed,700
4048,0.0842435117700719,0.1284013651512728,0.0518996011544656,0.130871086156672,0.1202878137881843,0.1459840351129233,0.1296816559680605,0.0902134256685446,0.1184175052298046,3 BCC,400.0,0.0005,0,0,1800,192.0,4.2,As-cast,700
4110,0.1028668747707761,0.0123957591190963,0.0842584789561129,0.0946693511508909,0.2439640564096966,0.1046202339928077,0.0753825397951401,0.1262819493005851,0.1555607565048939,BCC,25.0,0.0003,1,4,1400,192.0,10.0,As-cast,700
4132,0.1198378753176797,0.0056781254673561,0.2385993987735876,0.0512337385959478,0.1152606398872223,0.0482707945279962,0.0257078731588963,0.1818731802917919,0.2135383739795216,BCC+M5Si3,400.0,0.0005,1,3,1450,192.0,10.0,Annealed,700
4137,0.1003399585041601,0.104877282863608,0.0587714958778012,0.0188196086153056,0.1163096007594171,0.0685283978136227,0.2197231662887168,0.1566116350528873,0.1560188542244808,2 BCC,25.0,0.0005,0,4,1500,192.0,15.0,MA/SPS,1300
4229,0.0653572353633489,0.0142712136641586,0.1848252832522863,0.0013721716326422,0.1562506855112236,0.1976731621091263,0.0459483644088512,0.1289594173175536,0.205342466740809,BCC+laves+M5Si3,600.0,0.001,1,4,1200,1.0,4.2,As-cast,700
4315,0.1528142273726362,0.1588031098639553,0.0650033474552725,0.0618334277051676,0.1261734265707732,0.1780619647261529,0.0625597134170605,0.0251983482635984,0.1695524346253833,B2,25.0,0.0003,1,4,800,1.0,20.0,As-cast,700
4317,0.1308599563819344,0.1869136989621825,0.2105840034376781,0.0320371238277523,0.1433410764833599,0.0043909818698114,0.0833962294984141,0.1744733613591882,0.0340035681796786,2 BCC,400.0,0.0003,1,4,1000,96.0,4.2,Annealed,700
4324,0.0106594385148653,0.0154460699769135,0.1518355859814782,0.1845111709112868,0.1607592085608607,0.0451263718578167,0.09693288457777,0.1491569395133392,0.185572330105669,BCC+Laves+M5Si3,400.0,0.001,1,2,1800,192.0,4.2,As-cast,1100
4431,0.1979773464155584,0.113478519070635,0.1361148812436384,0.0794474721323929,0.1703507343223535,0.0242603302668414,0.0716435072443675,0.1115149522693389,0.0952122570348734,BCC+M55i3,25.0,0.001,0,0,25,1.0,4.2,Annealed,1000
4435,0.1124154025780637,0.0661162673149613,0.0036401623237641,0.2094524706850811,0.1846986848831451,0.0146455368549055,0.2078784930381436,0.0272075693370431,0.1739454129848922,BCC+Laves,400.0,0.0005,1,3,1400,192.0,15.0,Annealed  ,1000
4475,0.1328606875806763,0.072288955368099,0.0459437248287244,0.1787510381581848,0.2668759841258989,0.2460748757592016,0.0127292236131435,0.0047638748373442,0.039711635728727,BCC+Laves+M5Si3,600.0,0.0005,1,4,500,20.0,4.2,As-cast,900
4515,0.1161267793579542,0.0245427860593156,0.1151345530722033,0.1227203443506202,0.0550536247973447,0.1838540064028037,0.18693980805823,0.1534177963513166,0.0422103015502114,3 BCC,400.0,0.001,1,4,1200,96.0,4.2,Annealed,1300
4534,0.1480914871629118,0.1459942548627906,0.1134016800692783,0.1196585086357817,0.1571938469546246,0.0841313031803044,0.1526159746837964,0.0538628328438753,0.0250501116066367,BCC+laves+M5Si3,400.0,0.0003,1,3,800,0.0,4.2,MA/SPS,1100
4549,0.1771544530644026,0.059068669007714,0.0276971068681056,0.1558828476568788,0.1184872510201465,0.0727334527231201,0.0659610682484266,0.2648792556997992,0.0581358957114063,3 BCC,400.0,0.0005,1,4,1400,96.0,4.2,Annealed  ,700
4628,0.075242985654381,0.1110285181506955,0.030410637307061,0.0670573182081998,0.1428346223463871,0.1577221820444715,0.1011032041129287,0.1254285359175243,0.189171996258351,3 BCC,600.0,0.0005,1,4,1000,192.0,15.0,As-cast,700
4683,0.1808269977155276,0.1140792981256484,0.1695350527751289,0.1454252063295015,0.1343138360881895,0.0658656496284077,0.038304130801081,0.0275017609004494,0.1241480676360658,BCC+M5Si3,25.0,0.0003,0,4,1500,192.0,4.2,Annealed,900
4691,0.0496987487094341,0.0375247955754384,0.0795636851924978,0.0222536121510614,0.2000302947216845,0.1857545159828985,0.0755412559105918,0.1774009448015994,0.1722321469547937,BCC+laves+M5Si3,600.0,0.0005,1,4,800,20.0,10.0,As-cast,1100
4713,0.1697345986987169,0.1716317520450514,0.0146963788342473,0.0146301279390015,0.2194912501250823,0.0605016574598518,0.1639046906184676,0.0817719678625302,0.1036375764170504,B2,600.0,0.0003,1,4,25,3.0,15.0,Annealed,900
4791,0.0745546499784168,0.1281159637168307,0.1534904566150058,0.1643777171561913,0.0333596341045653,0.1796784074520322,0.0270698102674228,0.108795007340788,0.1305583533687468,BCC+laves+M5Si3,600.0,0.0005,1,4,500,3.0,4.2,As-cast,900
4804,0.0950056134640017,0.0567521731878972,0.0267731671328982,0.2292049717007777,0.0630743504121364,0.1058910684901349,0.1989169994069087,0.207752799577814,0.0166288566274309,BCC+M55i3,400.0,0.0005,1,3,1450,192.0,4.2,Annealed,1300
4970,0.0122961550204119,0.1201479751734119,0.0570294947037215,0.0082741943151048,0.2209173870377216,0.2080871345658041,0.1865292398155148,0.0780745274078134,0.1086438919604955,BCC+M55i3,400.0,0.001,1,4,1400,192.0,15.0,MA/SPS,1000
5062,0.0077519671267783,0.090017198532429,0.2072809616964038,0.0285203212871445,0.2360442909624084,0.0354740761576576,0.2171052930227279,0.0469504356502637,0.1308554555641864,BCC+M5Si3,25.0,0.001,1,3,1800,2.0,4.2,MA/SPS,1000
5169,0.2079403446507255,0.0954071294965728,0.0284886733190641,0.0946691235637881,0.2099303681177961,0.0395278876848088,0.110457059012503,0.1915249582562584,0.022054455898483,BCC+laves+M5Si3,400.0,0.0003,1,3,1500,192.0,4.2,MA/SPS,900
5245,0.1577204674334143,0.0298882984697009,0.0752255326735215,0.078501678015146,0.0872222657231105,0.2087021775307292,0.2021568358329739,0.0505274226741027,0.1100553216473006,BCC+laves+M5Si3,400.0,0.0005,1,4,800,192.0,10.0,Annealed,900
5274,0.0992484873957503,0.1495114070750721,0.0674451894871844,0.0461433878849575,0.2394652701785369,0.1323005075726131,0.0608473946470094,0.1599230494004298,0.0451153063584461,BCC+laves+M5Si3,600.0,0.0003,1,3,500,19.0,4.2,Annealed  ,1100
5277,0.1834292320040438,0.0976134522322637,0.1349112435321475,0.0089782372907213,0.0033516409212107,0.022575441267305,0.1586873706401609,0.2156376233962131,0.1748157587159337,BCC+M5Si3,25.0,0.001,0,4,800,192.0,4.2,MA/SPS,900
5331,0.1194885944729801,0.167977286839918,0.063517782952577,0.1871199620955652,0.2086893248082186,0.0153384543791791,0.0909305705230829,0.0119191169597151,0.1350189069687635,BCC+laves+M5Si3,600.0,0.001,1,0,1200,6.0,10.0,As-cast,700
5344,0.0218151889697183,0.2090842730427389,0.1133805476892296,0.176519434784435,0.2130226679805453,0.0248031300862076,0.2251260435919696,0.0154952864067265,0.0007534274484291,BCC+laves+M5Si3,600.0,0.001,1,4,1450,5.0,4.2,MA/SPS,700
5377,0.1250155570320663,0.1324887172181647,0.0874570556429771,0.1484026070495191,0.1238811981799343,0.1518621836789073,0.0045421662257614,0.1094421318620886,0.1169083831105811,BCC+Laves+M5Si3,600.0,0.001,1,3,1000,192.0,4.2,Annealed  ,1100
5386,0.1580378380554718,0.0883509745987537,0.1449521653254972,0.1068802713323054,0.2529358818461241,0.0579092458675958,0.0248639354701748,0.0263863901070312,0.1396832973970457,BCC+laves+M5Si3,400.0,0.0005,1,3,1200,4.0,4.2,Annealed,900
5391,0.1904377629700986,0.0044016576689615,0.0468669311062117,0.2101696831030846,0.1164659968615485,0.0532164015366488,0.1554840505804125,0.0582790318489865,0.1646784843240467,BCC+M55i3,600.0,0.001,1,4,1500,192.0,4.2,As-cast,900
5442,0.168311551583782,0.2095275482235788,0.0189655057650654,0.0379818914883751,0.0919753441750885,0.0203713118577205,0.1914336370642516,0.079178114872292,0.1822550949698458,BCC+Laves+M5Si3,25.0,0.001,1,4,1400,192.0,20.0,Annealed  ,700
5531,0.2087807532227572,0.0740325347301526,0.1743127652805926,0.2132756610608598,0.0056852519031401,0.1253230395573147,0.0111246927612004,0.1473997585833808,0.0400655429006015,BCC+B2,25.0,0.0005,1,0,1500,96.0,20.0,As-cast,900
5567,0.0986916320490286,0.1528721147729853,0.1288070142111736,0.0253598899867816,0.1353972994715953,0.1756289026917714,0.1230997559747475,0.0361575267572597,0.1239858640846566,BCC+laves+M5Si3,400.0,0.0003,1,4,1000,5.0,20.0,Annealed,700
5622,0.0703832661402035,0.1818422287054863,0.1987251742761608,0.0365126668169942,0.1622435509932173,0.0455502240715672,0.1344862198229537,0.0470669875038783,0.1231896816695383,2 BCC+Laves,600.0,0.001,0,4,800,192.0,4.2,As-cast,900
5635,0.0635209312645426,0.0263822042964938,0.1021698960530306,0.0273720799778664,0.0898006552095174,0.2530718002362915,0.3197652006870575,0.0347366794282903,0.0831805528469094,BCC+Laves,600.0,0.001,0,3,1400,192.0,10.0,Annealed  ,1000
5668,0.0033816189848631,0.1868617990585349,0.0694823048077628,0.0344555447035968,0.1762220995553923,0.0824624068837233,0.1286407005557161,0.1266640636028876,0.1918294618475227,BCC+M55i3,400.0,0.001,1,3,500,6.0,20.0,Annealed,900
5733,0.0263171797216278,0.1301618352124096,0.0315130299790791,0.1719794563861483,0.1037365998076811,0.1184767584645888,0.1467641703958093,0.1739935551096487,0.0970574149230069,B2,400.0,0.001,1,3,997,96.0,4.2,As-cast,1000
5771,0.0888196176186309,0.1742754895846965,0.0273119519310731,0.1443701203387683,0.0196235744289564,0.1388278091294446,0.1410197367267457,0.1538783950884419,0.1118733051532423,BCC+Laves,25.0,0.0005,0,4,997,192.0,10.0,Annealed  ,900
5987,0.0288882918820017,0.0797956410220217,0.1864796731546975,0.0859508941663426,0.0493290561676255,0.2049915828684537,0.1704201449834779,0.0626492829409718,0.1314954328144071,BCC+M55i3,600.0,0.0003,1,4,997,0.0,4.2,Annealed,1100
6112,0.2324756696675622,0.1405080555751198,0.0189173599729829,0.2012302782164903,0.2046813685781567,0.0127751439549887,0.0696830600085844,0.0188078661680844,0.1009211978580302,2 BCC+Laves,25.0,0.0003,0,4,1450,192.0,4.2,As-cast,1100
6124,0.2202828873084573,0.1619402781174035,0.0809989526236237,0.1056752604275396,0.0447153701227733,0.0963049111568957,0.0206644711774459,0.0575881332071719,0.2118297358586887,BCC+M55i3,600.0,0.001,1,2,1400,192.0,4.2,As-cast,1000
6141,0.2085555830660201,0.1413259164155384,0.0728406711004802,0.0977072900246916,0.2014918855474656,0.1095440006510144,0.039724407536987,0.1076741251887916,0.0211361204690107,BCC+M55i3,25.0,0.001,0,0,1800,192.0,10.0,Annealed  ,1000
6188,0.1838219513358633,0.1355736042933099,0.2022797782221903,0.1548835362118492,0.1242862750880987,0.1073456210612247,0.0365744507198278,0.0278349552571515,0.0273998278104843,BCC+M55i3,600.0,0.001,1,4,1300,192.0,4.2,Annealed,700
6270,0.1219305907297553,0.104814451200386,0.1975748027526516,0.141064301719829,0.1659075758289242,0.0140471805404748,0.0767275728447171,0.0114229031079237,0.166510621275338,BCC+laves+M5Si3,400.0,0.001,1,2,1500,192.0,4.2,MA/SPS,700
6338,0.1804607887634765,0.1560325312967821,0.1731007597406143,0.164396926715537,0.0879690534773724,0.0429533991708664,0.0401550364624828,0.0464418166212338,0.1084896877516343,BCC+laves+M5Si3,600.0,0.001,1,4,1200,19.0,4.2,Annealed  ,1100
6483,0.1897602539894412,0.1368861136178243,0.1020691118016669,0.0119049816106903,0.1496618297712662,0.1745317254791414,0.1164068772699147,0.0107260002177835,0.1080531062422711,2 BCC+HCP,25.0,0.0003,0,4,1800,192.0,10.0,As-cast,1100
6498,0.1437666096494095,0.1354085476938345,0.0243099099752957,0.0333142017460424,0.192103786866284,0.1881050231882718,0.0239326191112033,0.0958206627809024,0.163238638988756,BCC+laves+M5Si3,400.0,0.0003,1,3,1400,5.0,15.0,Annealed,1000
6499,0.0443453236362882,0.1212854560520321,0.1480386728606204,0.1345566944205555,0.1689354004648002,0.0982057313684862,0.201266581612318,0.0494601954427529,0.033905944142146,BCC+Laves,400.0,0.001,1,4,1800,96.0,4.2,Annealed  ,1000
6627,0.0224016687231156,0.1848339086645193,0.0245415353139029,0.0337989903938751,0.1787013920287833,0.1119321261645678,0.1879805212222272,0.1693491293733142,0.0864607281156944,BCC+laves+M5Si3,600.0,0.001,1,4,500,5.0,10.0,Annealed,1300
6629,0.0154160013028985,0.1710054816930957,0.0293409552782524,0.0749935346682925,0.1367040643804206,0.0754581602767324,0.1502765963669562,0.1732621282030139,0.1735430778303374,BCC+M5Si3,400.0,0.0003,1,4,500,2.0,4.2,MA/SPS,900
6637,0.152333269074946,0.0643783980468777,0.1989024685702694,0.0672790768771712,0.0824570239300322,0.0665458056448842,0.1705722668231518,0.1166545276853752,0.0808771633472918,2 BCC+Laves,400.0,0.001,1,2,1500,192.0,4.2,As-cast,700
6645,0.1950564699451319,0.1647085577535224,0.0838459410553868,0.0783481596878417,0.1628137935897844,0.1030104289004636,0.0721853068140529,0.0262897252179195,0.1137416170358965,BCC+M5Si3,600.0,0.0005,1,4,997,4.0,10.0,Annealed,700
6690,0.2282346520778526,0.1310902258475715,0.0187448571871139,0.1859358380654214,0.0246795757941499,0.1642481256959099,0.0108860870640869,0.1979567108074179,0.0382239274604756,BCC+M55i3,600.0,0.001,1,4,500,20.0,10.0,As-cast,700
6701,0.1730035707058715,0.1426871011920171,0.084462785682823,0.0660671936143703,0.1831857142045501,0.1199194521581439,0.0344993251167534,0.1409604870574568,0.0552143702680137,BCC+laves+M5Si3,25.0,0.001,0,4,1300,5.0,4.2,As-cast,1100
6804,0.1679557937565584,0.1385947074198148,0.0350188510861922,0.014421599604996,0.1695499993378474,0.17765618903813,0.1629776469612894,0.0794406642523523,0.0543845485428191,BCC+Laves,25.0,0.0005,0,0,1800,19.0,4.2,Annealed  ,700
6809,0.0709798567305669,0.0832682978399931,0.0943065527428392,0.058734167371207,0.1451974942439389,0.1963667071602203,0.1279321625967026,0.1132694542984766,0.1099453070160551,BCC,600.0,0.0005,0,4,1500,192.0,10.0,As-cast,900
6819,0.1637600302854296,0.1523600474034238,0.0815069469079444,0.0734185961001813,0.1676482204707777,0.0387087310051879,0.1272353727661425,0.0594758498219702,0.135886205238942,BCC+Laves,25.0,0.001,0,4,1400,192.0,10.0,Annealed,1100
6903,0.0822498962368132,0.1519942664088684,0.1141570538427872,0.1580229875875029,0.207522799436156,0.1174541787852073,0.0919609368406179,0.0616988799865503,0.0149390008754965,2 BCC+HCP,600.0,0.001,1,4,1800,96.0,4.2,As-cast,700
6904,0.0189650712451387,0.1772429451683413,0.1648908883777843,0.2534721066656665,0.1283684108366947,0.1181468739001093,0.0274576815515889,0.0084257693255455,0.1030302529291305,BCC+HCP,600.0,0.001,1,3,500,20.0,4.2,Annealed  ,1000
6983,0.0453344206474996,0.1676100382298224,0.1318680215563679,0.0901595683810952,0.1791339469696984,0.1300398068392029,0.1009211078215527,0.0440684457312801,0.1108646438234805,2 BCC+HCP,600.0,0.001,0,4,1300,192.0,4.2,Annealed  ,700
7018,0.0141685567377296,0.0764024909333387,0.0758503140764505,0.1031908360598475,0.1769435478751769,0.1492821730434302,0.076827035058821,0.1662145097299772,0.1611205364852283,2 BCC,25.0,0.0005,1,4,1800,96.0,15.0,MA/SPS,1300
7025,0.1372089661291191,0.1143098383400951,0.0892215900580591,0.157482075664889,0.1771368936750601,0.1279583060832035,0.0690255210868977,0.0959831401917891,0.031673668770887,BCC,600.0,0.0005,1,3,1400,192.0,10.0,As-cast,700
7144,0.0805128048360352,0.112158392489359,0.0915176767062977,0.1323095892872384,0.1733716350123605,0.2153450748951794,0.0112281243379107,0.1118450287256614,0.0717116737099574,BCC+Laves+M5Si3,400.0,0.0005,1,4,800,3.0,10.0,Annealed  ,700
7306,0.0968982448439898,0.0145854324985014,0.0821000232070925,0.2241024292555507,0.1949053057274214,0.1341777977257008,0.0040759631738265,0.2282543456909767,0.0209004578769399,BCC+laves+M5Si3,400.0,0.001,1,4,1300,192.0,4.2,As-cast,1300
7313,0.0356766852176025,0.1841679564650926,0.0130349874316981,0.0095295333091624,0.2003443420339089,0.2390574112308071,0.0396823572514371,0.0146625428823738,0.2638441841779173,BCC+M55i3,600.0,0.001,1,0,1300,3.0,4.2,MA/SPS,700
7472,0.1643291147830137,0.0066055470993585,0.1295288629457837,0.0077989286651706,0.1212715397980131,0.1669047250004371,0.1450420545669075,0.1995653423214088,0.0589538848199066,BCC,25.0,0.001,0,4,1300,192.0,4.2,Annealed  ,1100
7505,0.0976331185012195,0.0947869620273673,0.2119313165691164,0.2055256232249353,0.1617973711707283,0.0515379847184742,0.0126746431233149,0.0574957997778397,0.1066171808870039,BCC+laves+M5Si3,400.0,0.001,1,4,1300,4.0,4.2,Annealed  ,700
7559,0.0202661410616737,0.1077232391078548,0.2482222218020648,0.0413681310878664,0.256936318109251,0.0159360779978873,0.0753260615553659,0.1721004208702325,0.0621213884078033,BCC+laves+M5Si3,600.0,0.0003,1,4,1800,192.0,15.0,Annealed,900
7746,0.2230929136572655,0.0018978216625212,0.1605590797858735,0.0055014746440672,0.1627138282149079,0.1173074573467606,0.1922386596692066,0.0762951775353372,0.0603935874840601,BCC+Laves,25.0,0.001,1,3,1200,192.0,4.2,Annealed,1100
7767,0.0983251907393742,0.0946680557962205,0.0496939371376932,0.2302455031254512,0.212322021121369,0.0284486585279261,0.1510665908482253,0.1244916104438756,0.0107384322598644,2 BCC+Laves,600.0,0.001,1,4,1200,96.0,4.2,MA/SPS,900
7799,0.0952215897994715,0.0794859791920526,0.0948656962417703,0.0716347779982338,0.2181230108107754,0.2023411909866803,0.0613827579508771,0.0419045456824548,0.135040451337684,BCC+M55i3,400.0,0.0005,1,3,1000,6.0,4.2,Annealed  ,1100
7816,0.1528816418587247,0.177132321650069,0.1583291457282307,0.0038511207272649,0.0492936461187796,0.1982487387955449,0.0971243013574368,0.0399020241610323,0.1232370596029164,BCC+laves+M5Si3,600.0,0.0003,1,2,25,24.0,4.2,Annealed,900
7917,0.0998133016307565,0.0849495038996235,0.0155674068777198,0.0221828535016342,0.2187790116149691,0.1486268022603084,0.2137497438432921,0.1223928098155862,0.0739385665561097,BCC+laves+M5Si3,600.0,0.001,1,4,25,4.0,4.2,MA/SPS,900
8014,0.0744547148368916,0.0034255734029956,0.132637023316359,0.0845366094632051,0.1639887370013349,0.1344739306115481,0.1725693587272867,0.1827509746511662,0.0511630779892125,BCC+M5Si3,600.0,0.0003,1,4,997,3.0,4.2,As-cast,900
8048,0.1428473921381728,0.1782108454307714,0.0375639337736753,0.2073963109640723,0.049885065071061,0.1214925860487107,0.1642549284605778,0.0390521231628784,0.0592968149500799,2 BCC+Laves,400.0,0.0005,1,3,1800,192.0,4.2,As-cast,1000
8077,0.1292909860393507,0.1990898284236434,0.063636570399964,0.0811185056886068,0.1340789476732123,0.1234137292336764,0.0712219747965775,0.1757343238271933,0.0224151339177751,BCC+laves+M5Si3,600.0,0.001,1,4,1400,192.0,10.0,MA/SPS,1000
8093,0.153501206960005,0.0553073539687883,0.032154644615351,0.0755940550333382,0.2937306359032125,0.1868689890421974,0.1316092050843555,0.0181289939158349,0.0531049154769169,B2,25.0,0.0003,0,3,500,20.0,4.2,As-cast,700
8121,0.1536854280554205,0.0015159016963572,0.1130959329439584,0.229493889621378,0.2238251856909843,0.1715377650579738,0.0191814188860551,0.0068600404066265,0.080804437641246,BCC+M5Si3,600.0,0.001,1,2,25,4.0,4.2,MA/SPS,1000
8131,0.080776626751326,0.144405609509164,0.0374822845178661,0.0362174645004948,0.140931580775237,0.2202776663930814,0.1579493762494895,0.033240529977239,0.148718861326102,BCC,400.0,0.0005,1,4,25,2.0,15.0,Annealed  ,900
8178,0.1996703584374181,0.141310167621032,0.170469719165447,0.0317161704221125,0.0840665423003604,0.1322206334431611,0.0821577146717349,0.0274373899243908,0.1309513040143429,BCC+laves+M5Si3,600.0,0.001,1,0,997,6.0,10.0,Annealed  ,1100
8229,0.1538969584989043,0.2000866756195926,0.0192519845568109,0.0687483040689974,0.090491063570075,0.206883194852482,0.0201519193492212,0.2295180070941354,0.010971892389781,BCC+B2,600.0,0.0005,1,4,500,96.0,10.0,Annealed,900
8251,0.1623194006413069,0.0996535547549916,0.0295916764841837,0.1306009762492846,0.1479811775335514,0.1256227333372293,0.0878745789574596,0.0767673193968143,0.1395885826451781,BCC+B2,25.0,0.0005,1,4,1300,96.0,4.2,Annealed  ,900
8257,0.0850588324494124,0.145654057573988,0.1126823480809879,0.1159691414008662,0.0896073354047848,0.1443168153535278,0.1733232838855779,0.0455167913640639,0.0878713944867906,BCC+M55i3,600.0,0.0005,1,4,1500,192.0,10.0,Annealed,1000
8297,0.0766654896756796,0.0520752932723897,0.1383425367722396,0.0959030708848527,0.1469542441949241,0.2855248495194714,0.049153465283298,0.1022897143938225,0.0530913360033222,B2,400.0,0.0003,1,4,500,19.0,4.2,As-cast,700
8322,0.1322217800851546,0.0114388945715814,0.0136760090958522,0.1876027072765112,0.0996979423225885,0.1900184467840902,0.0078110550159295,0.1821029211294163,0.1754302437188758,BCC+laves+M5Si3,600.0,0.001,1,0,1800,4.0,4.2,Annealed,1300
8332,0.0002664274988373,0.0951982944486615,0.1889691072375828,0.1879567885661671,0.1509650619450301,0.0913781824038079,0.1975705852576325,0.0196926919079854,0.0680028607342951,BCC+M55i3,600.0,0.0003,1,3,500,1.0,10.0,Annealed  ,700
8348,0.1376435175563205,0.1114644638006151,0.024484889175552,0.0693847285526189,0.0580439281778796,0.0396178313040706,0.3259826205789228,0.2179039218302412,0.0154740990237789,BCC,25.0,0.0003,1,0,997,0.0,15.0,Annealed,1000
8380,0.1590748362510858,0.049185516471113,0.1495968101909004,0.0208121268516463,0.0666106533845737,0.1743822504774607,0.216037347318267,0.1323031625334577,0.0319972965214953,BCC+M5Si3,400.0,0.001,1,2,500,0.0,4.2,As-cast,1000
8445,0.0678142958698697,0.1914700484781159,0.0619968315953945,0.0700145082610781,0.1565069171022136,0.0961709615992749,0.037319111583102,0.1267599640451441,0.1919473614658069,BCC,600.0,0.0005,0,2,1200,192.0,15.0,As-cast,700
8466,0.1399087114307978,0.0685233442530601,0.0907395393342415,0.1200455142208021,0.1017960347812879,0.1126669754742253,0.1545866244328095,0.1130444867321559,0.0986887693406195,BCC+M5Si3,600.0,0.0003,1,4,1000,1.0,4.2,As-cast,1100
8489,0.1920053209288474,0.0254877869797998,0.23291672299702,0.1358571994174874,0.0117055657419718,0.1218584688100991,0.0503119485509287,0.1423255988502703,0.0875313877235751,BCC+laves+M5Si3,25.0,0.001,0,4,1000,192.0,15.0,Annealed  ,900
8598,0.2636731158128187,0.0596396294898932,0.0096955762561145,0.1407824161617933,0.0845354433971482,0.0882021937751153,0.2259445089218985,0.1029316853760684,0.0245954308091494,BCC+Laves+M5Si3,600.0,0.0005,1,3,1800,192.0,15.0,Annealed  ,700
8630,0.1405606273984976,0.0772570895000259,0.0573463156316541,0.1170514728713455,0.1278519916567516,0.0675766160243574,0.1272455912522959,0.1603986918323736,0.124711603832698,BCC+HCP,600.0,0.001,1,2,500,5.0,4.2,Annealed,900
8720,0.2043014580679755,0.1003845705710559,0.1571229636681656,0.0295219632926451,0.0964832114336978,0.0177053942130828,0.007417476322487,0.2401409913271001,0.1469219711037899,BCC,25.0,0.001,0,4,1450,192.0,15.0,As-cast,700
8723,0.0646357188729614,0.0088490010882247,0.024240207340421,0.1881172166415061,0.1808870870516817,0.2766436009167877,0.141626878871742,0.0740721184500345,0.0409281707666407,BCC+laves+M5Si3,400.0,0.001,1,4,1100,2.0,10.0,As-cast,900
8737,0.1482559641788227,0.0739522821623925,0.1251206683291438,0.0317261613441839,0.0513644781283321,0.1477856854731106,0.1713527331639474,0.1054478956844149,0.1449941315356518,B2,600.0,0.0003,0,4,1450,2.0,20.0,As-cast,700
8761,0.1406119907363513,0.1480562933435781,0.0660326309981637,0.0560848506996346,0.0930681735832081,0.0941517255295966,0.1584425873452545,0.0873180170806358,0.156233730683577,BCC+M5Si3,25.0,0.001,0,3,1800,192.0,10.0,MA/SPS,700
8810,0.1016278372611405,0.1235852906653006,0.1013601475032885,0.0204992549399802,0.1827469338395806,0.0024263317398545,0.1718443083977093,0.1511330756948334,0.144776819958312,BCC+laves+M5Si3,600.0,0.001,1,0,1500,1.0,4.2,As-cast,1100
8845,0.0706779135152384,0.1422519503842404,0.0807027697641868,0.2193755845096916,0.0599571236279651,0.0072526075971653,0.2223722779187721,0.1162111005218382,0.0811986721609017,BCC+M55i3,25.0,0.001,1,2,1800,96.0,4.2,Annealed,700
8933,0.0932663346811917,0.1930644088478228,0.0523766676863529,0.1045183259176481,0.1756919712168752,0.1706659372007204,0.0098421202618736,0.0949204762395687,0.1056537579479462,BCC+M55i3,600.0,0.001,1,4,997,6.0,10.0,Annealed  ,900
8968,0.091585445356686,0.1280177620149557,0.0287027315000218,0.1688977741022503,0.2141411585670868,0.0242519774611256,0.1265432889336478,0.0406983270227838,0.1771615350414417,BCC+M5Si3,400.0,0.001,1,0,1500,3.0,4.2,Annealed  ,900
8971,0.2126469255776958,0.2530175147759155,0.1400197526531083,0.0487701878041197,0.1015467860725719,0.0877724208475501,0.0516197133483483,0.0101583238061464,0.0944483751145437,BCC+B2,400.0,0.001,0,2,1800,2.0,20.0,As-cast,900
9129,0.1603163273602407,0.071729857532013,0.1611343555609749,0.1309358596248833,0.1059201531575803,0.1014703370433789,0.0720765282180401,0.0974826637805846,0.0989339177223039,BCC+B2,400.0,0.0005,1,3,1200,1.0,10.0,As-cast,900
9146,0.0790743221059672,0.0951256536572769,0.1330679789075005,0.0596596773847344,0.057368734688111,0.0669105324136926,0.136687374179894,0.2309363149173679,0.141169411745455,B2,25.0,0.0003,1,3,1800,192.0,10.0,Annealed,700
9190,0.1514459291200399,0.0909145420267267,0.0597752858069149,0.0681344996321678,0.1452011709224823,0.0927477184261854,0.1257816758181721,0.1563262001376663,0.1096729781096443,BCC,400.0,0.001,1,4,25,24.0,20.0,Annealed,1000
9238,0.0501365605596201,0.0858628429674202,0.062102731913018,0.1876570684044152,0.0232697900250959,0.1733687719200096,0.1918962815421233,0.1566504253421967,0.0690555273261006,BCC,600.0,0.0005,1,4,1800,192.0,4.2,Annealed  ,1000
9242,0.1366417643597828,0.1671375706721577,0.1574431451014903,0.0225741293581423,0.0486629623302752,0.1662559725591736,0.1761949298126784,0.0788003015039423,0.0462892243023569,BCC+Laves,25.0,0.001,1,4,1200,192.0,10.0,As-cast,900
9272,0.1554245930967143,0.3473287712084815,0.04555755917469,0.1129003758540517,0.052354038406226,0.0580355439302438,0.0613310668060276,0.0528428867053585,0.1142251648182062,2 BCC+Laves,600.0,0.001,0,3,1800,192.0,4.2,Annealed  ,700
9394,0.1944172141977232,0.0709474400833093,0.1147958864520601,0.0779107964224898,0.1164065590722869,0.1394221439229909,0.1717551686313804,0.010573853311473,0.1037709379062861,BCC+Laves,400.0,0.001,1,0,997,19.0,4.2,Annealed  ,1100
9427,0.1139448173948819,0.0404702756357977,0.1649810948627317,0.1364214028993965,0.0480176562214012,0.1518688930519287,0.1579753633286661,0.0719880300076455,0.1143324665975504,2 BCC+Laves,400.0,0.001,1,4,1300,96.0,10.0,Annealed  ,900
9483,0.0307230943634321,0.189056002811276,0.0322404674892649,0.1538349581847538,0.2058672498859645,0.1436211325431502,0.0659543973681385,0.020479448183675,0.1582232491703446,BCC+M55i3,400.0,0.0005,1,4,1100,0.0,20.0,Annealed  ,1000
9506,0.1389448491147796,0.0839305120168502,0.0852958225257368,0.0706913520324319,0.1984660717679842,0.1968222399252228,0.0955338804768758,0.0838939666962725,0.0464213054438458,BCC+M5Si3,400.0,0.001,1,4,800,2.0,15.0,Annealed,900
9591,0.2217072340823898,0.1080527641749674,0.1201804398436561,0.1518653802381394,0.2163260350185115,0.0126317004628952,0.0236255886821973,0.1217633832371838,0.0238474742600591,BCC,25.0,0.0003,0,0,25,192.0,20.0,As-cast,700
9660,0.0235707057218072,0.0798029858450328,0.041948653744153,0.1569887433027296,0.1284524415297081,0.1452653961109374,0.1613083023471149,0.1637131020569661,0.0989496693415507,B2,25.0,0.001,1,4,1200,1.0,10.0,As-cast,700
9664,0.2095619775048087,0.1448698384145188,0.0234378437183084,0.1784809849936212,0.1402266042188181,0.0420055783861345,0.1129593150036006,0.1227164375162057,0.0257414202439836,BCC+M55i3,600.0,0.001,1,0,1300,0.0,10.0,Annealed  ,900
9781,0.1227531055227196,0.0156025697570524,0.1382696110173282,0.0769815214163426,0.0271307506953767,0.1559054084295487,0.2137291131462367,0.1408415056846981,0.1087864143306967,BCC+M5Si3,400.0,0.001,1,0,1500,2.0,4.2,Annealed  ,1100
9865,0.0280624126743884,0.0286838906624569,0.0638983281584457,0.1797654761496167,0.0206554651269478,0.2394671870939672,0.1746248135977566,0.208772942696324,0.0560694838400963,B2,400.0,0.0003,1,0,1100,6.0,4.2,Annealed,900
9896,0.1966087408141914,0.1823335518017458,0.0380826217116198,0.1777730003656272,0.119204316684887,0.0801449741379581,0.0196456483781687,0.0236443395522064,0.1625628065535952,BCC+Laves+M5Si3,400.0,0.001,0,2,1500,192.0,4.2,Annealed  ,1000
9957,0.2538931412646907,0.0584722311692199,0.0623163278264823,0.0279411084939307,0.174665844588547,0.1741684289603051,0.1252537921183238,0.0284775977836563,0.0948115277948437,BCC+M55i3,600.0,0.001,1,3,500,0.0,10.0,Annealed  ,900
9960,0.0938430613833038,0.0241621261761307,0.2120158574898903,0.1540831324106195,0.0904415270500494,0.0780611932374548,0.1291543642572944,0.1652972679447359,0.0529414700505209,B2,600.0,0.001,0,0,500,3.0,10.0,As-cast,700
